code,Country,Cases,ASIR,Crude_incidence_rate,Cum_risk_incidence,Deaths,ASMR,Crude_mortality_rate,Cum_risk_mortality,MIR,HDI_country_name,HDI_year,HDI,logASIR,logASMR,HDI_tier,HPV_vax_coverage,GNI_per_capita,Screening_program,Screening_program_bin,logGNI,Smoking_prev_female,HIV_prev,Death_reg_pct,logHIV
MWI,Malawi,6773,93.4,61.1,9.4,3844,55.2,34.7,5.8,0.591,Malawi,2023.0,0.517,4.536891345234797,4.01096295328305,Low,0.0,1633.6926,Yes,1.0,7.398598130426807,3.0,6.24509,,1.8333955323045699
ZWE,Zimbabwe,5194,89.5,59.7,9.3,3118,54.9,35.8,5.9,0.613,Zimbabwe,2023.0,0.598,4.4942386252808095,4.005513348515485,Medium,39.0,3511.4631,Yes,1.0,8.163788067214089,1.2,9.78348,32.95,2.281716858139748
SWZ,Eswatini,414,76.5,65.4,7.3,235,44.3,37.2,4.4,0.579,Eswatini,2023.0,0.695,4.33729074083249,3.7909846770510898,Medium,42.0,9919.085,Yes,1.0,9.202215958121515,2.6,23.37995,44.46,3.152306442928134
ZMB,Zambia,4730,74.8,43.9,7.9,2769,45.4,25.7,5.0,0.607,Zambia,2023.0,0.595,4.314817884980432,3.8155121050473024,Medium,12.0,3446.6758,Yes,1.0,8.145165509294088,3.5,9.38553,29.125,2.2402340442599065
LSO,Lesotho,536,53.8,44.7,5.3,342,35.1,28.5,3.6,0.652,Lesotho,2023.0,0.55,3.9852734671677386,3.55820113047182,Medium,69.0,3029.3857,No,0.0,8.016115138675103,6.9,17.12807,43.010000000000005,2.8413023047291914
BWA,Botswana,502,50.4,39.7,5.3,331,33.9,26.2,3.7,0.673,Botswana,2023.0,0.731,3.919991175077323,3.5234150143864045,High,16.0,16983.771,Yes,1.0,9.740013520013813,7.4,15.74182,66.89200000000001,2.7569559141511686
GMB,The Republic of the Gambia,447,48.8,32.3,5.3,264,29.6,19.1,3.3,0.607,Gambia,2023.0,0.524,3.8877303128591016,3.3877743613300146,Low,74.0,2812.0176,No,0.0,7.941657511801438,0.8,1.28522,31.6025,0.2586805648927038
MOZ,Mozambique,5381,45.7,30.2,4.6,3090,26.8,17.3,2.8,0.586,Mozambique,2023.0,0.493,3.822098297900159,3.288401887516811,Low,0.0,1355.7671,Yes,1.0,7.212122698586492,3.3,11.46364,9.6,2.440052230404216
UGA,Uganda,5164,38.2,20.5,4.1,3000,23.1,11.9,2.5,0.605,Uganda,2023.0,0.582,3.6428355156125294,3.139832617527748,Medium,66.0,2736.41,No,0.0,7.914402121316652,3.3,4.93709,0.91,1.5987995249242317
TCD,Chad,2348,38.1,23.2,3.8,1337,22.3,13.2,2.3,0.585,Chad,2023.0,0.416,3.6402142821326553,3.104586678466073,Low,0.0,1748.001,No,0.0,7.466228128297697,1.9,0.92163,,-0.07081953882835902
FJI,Fiji,192,38.0,41.0,3.8,114,22.9,24.4,2.5,0.603,Fiji,2023.0,0.731,3.6375861597263857,3.131136910560194,High,53.0,12843.159,Yes,1.0,9.4605665750214,12.7,1.04185,99.582,0.05055051859790116
SEN,Senegal,2280,37.8,25.1,4.2,1362,23.1,15.0,2.7,0.611,Senegal,2023.0,0.53,3.632309102625542,3.139832617527748,Low,0.0,4202.031,No,0.0,8.343323258817048,0.8,0.32957,,-1.0800751676696987
GNB,Guinea-Bissau,283,37.6,25.4,4.2,169,23.0,15.2,2.7,0.612,Guinea-Bissau,2023.0,0.514,3.6270040503958487,3.1354942159291497,Low,0.0,2403.0593,No,0.0,7.78449791291846,0.6,2.16422,21.445,0.7766699795312145
COD,"Congo, Democratic Republic of",11215,36.2,20.4,4.0,6755,22.2,12.3,2.5,0.613,Democratic Republic of Congo,2023.0,0.522,3.5890591188317256,3.100092288878234,Low,0.0,1431.048,No,0.0,7.266162321970837,3.2,0.74788,13.185,-0.27723021721797564
MDG,Madagascar,4071,35.9,25.6,3.8,2338,21.2,14.7,2.3,0.591,Madagascar,2023.0,0.487,3.580737295494233,3.054001181677967,Low,0.0,1655.7646,Yes,1.0,7.412018175082516,10.7,0.47871,,-0.7159860124639793
COM,Comoros,121,35.4,28.1,3.7,70,21.0,16.3,2.3,0.593,Comoros,2023.0,0.603,3.5667118201397288,3.044522437723423,Medium,0.0,3481.1213,No,0.0,8.155109733512852,2.7,0.02688,,-3.300085880293744
MLI,Mali,2042,34.7,16.8,3.9,1242,21.6,10.2,2.5,0.622,Mali,2023.0,0.419,3.5467396869528134,3.0726933146901194,Low,0.0,2341.5881,No,0.0,7.758584653369546,0.9,0.75743,,-0.2647080088919594
BDI,Burundi,1242,31.6,17.6,3.5,732,19.2,10.4,2.2,0.608,Burundi,2023.0,0.439,3.4531571205928664,2.954910279033736,Low,0.0,858.9156,No,0.0,6.755670663373567,5.3,0.77931,,-0.23659613289409068
LBR,Liberia,561,31.3,20.0,3.6,345,19.6,12.3,2.3,0.626,Liberia,2023.0,0.51,3.4436180975461075,2.975529566236472,Low,0.0,1537.8594,No,0.0,7.338146728461534,1.9,0.91809,13.535,-0.07462656813983952
GUY,Guyana,139,31.0,32.6,3.4,76,16.9,17.8,1.9,0.545,Guyana,2023.0,0.776,3.4339872044851463,2.8273136219290276,High,48.0,46959.25,Yes,1.0,10.757035483335258,2.3,1.56755,79.744,0.4558730106520101
PRY,Paraguay,1121,30.9,32.5,3.1,593,16.5,17.2,1.7,0.534,Paraguay,2023.0,0.756,3.4307561839036995,2.803360380906535,High,73.0,15252.22,Yes,1.0,9.632480345211215,3.1,0.49052,94.126,-0.692107720985283
RWA,Rwanda,1582,30.6,21.7,3.4,965,18.9,13.2,2.2,0.618,Rwanda,2023.0,0.578,3.4210000089583352,2.9391619220655967,Medium,73.0,2970.5596,Yes,1.0,7.996505631556813,6.4,2.02225,33.72,0.7091435536445446
GHA,Ghana,3740,30.4,21.7,3.4,2324,19.2,13.5,2.2,0.632,Ghana,2023.0,0.628,3.414442608412176,2.954910279033736,Medium,0.0,6846.352,No,0.0,8.831471234654101,0.7,1.48983,,0.40535176835212355
COG,"Congo, Republic of",589,30.2,18.6,3.7,384,19.8,12.1,2.4,0.656,Congo,2023.0,0.649,3.407841924380824,2.9856819377004897,Medium,0.0,5902.599,No,0.0,8.683148041373013,2.4,3.23412,,1.1768441269376833
PNG,Papua New Guinea,1055,29.7,20.5,3.2,635,18.4,12.4,2.0,0.62,Papua New Guinea,2023.0,0.576,3.391147045808654,2.91235066461494,Medium,0.0,3970.6477,No,0.0,8.286684508988557,25.9,1.50141,,0.41304298996475647
CIV,Côte d'Ivoire,2540,29.6,16.2,3.3,1542,18.6,9.8,2.1,0.628,Cote d'Ivoire,2023.0,0.582,3.3877743613300146,2.9231615807191558,Medium,0.0,6735.4165,Yes,1.0,8.815134928060814,1.4,1.67546,22.932,0.5220385235800565
BOL,Bolivia (Plurinational State of),1745,29.2,28.2,2.9,1014,17.2,16.4,1.8,0.589,Bolivia,2023.0,0.733,3.374168709274236,2.8449093838194073,High,69.0,9445.245,Yes,1.0,9.153266719249793,4.8,0.36296,65.498,-0.98628410369469
CMR,Cameroon,2379,28.9,16.3,3.4,1453,18.1,10.0,2.2,0.626,Cameroon,2023.0,0.588,3.3638415951183864,2.89591193827178,Medium,0.0,4746.2656,No,0.0,8.465113398345983,1.5,2.51949,,0.9280177013915746
ZAF,South Africa,9794,27.4,29.8,2.9,5165,14.4,15.7,1.6,0.526,South Africa,2023.0,0.741,3.3105430133940246,2.667228206581955,High,44.0,13693.988,Yes,1.0,9.524712183384436,8.7,17.20138,99.65,2.8455707929471354
SLE,Sierra Leone,721,25.9,16.6,2.9,439,16.1,10.1,1.9,0.622,Sierra Leone,2023.0,0.467,3.254242968705492,2.7788192719904172,Low,0.0,1713.7278,No,0.0,7.446426276744479,5.7,1.3733,19.62,0.3244719488986325
GTM,Guatemala,1894,24.9,20.4,2.6,1108,15.0,11.9,1.6,0.602,Guatemala,2023.0,0.662,3.214867803470662,2.70805020110221,Medium,91.0,12458.604,Yes,1.0,9.430166747541383,1.8,0.22556,93.178,-1.445789620905767
TZA,"Tanzania, United Republic of",4966,24.8,14.4,2.9,3011,15.3,8.7,1.8,0.617,Tanzania,2023.0,0.555,3.2108436531709366,2.72785282839839,Medium,99.0,3514.6328,No,0.0,8.164690332215917,2.6,3.54043,,1.267068722912634
MRT,Mauritania,390,24.7,14.8,2.8,239,15.4,9.1,1.8,0.623,Mauritania,2023.0,0.563,3.2068032436339315,2.7343675094195836,Medium,26.0,6267.4707,No,0.0,8.74312815511127,2.7,0.13952,11.6175,-1.9003251158348295
TGO,Togo,746,24.4,15.8,2.7,452,15.1,9.6,1.7,0.619,Togo,2023.0,0.571,3.1945831322991562,2.714694743820879,Medium,45.0,2855.9639,No,0.0,7.957164683323566,1.0,1.63841,12.888,0.49981118695284044
KEN,Kenya,4294,24.0,15.1,2.8,2606,14.9,9.2,1.7,0.621,Kenya,2023.0,0.628,3.1780538303479458,2.7013612129514133,Medium,17.0,5608.296,Yes,1.0,8.63200220906189,2.6,3.0294228,61.408,1.111667628969787
JAM,Jamaica,438,23.8,30.5,2.4,237,12.7,16.5,1.4,0.534,Jamaica,2023.0,0.72,3.169685580677429,2.5416019934645457,High,2.0,10056.985,Yes,1.0,9.21602269694491,4.7,1.13844,100.0,0.13840449972749796
PER,Peru,4814,23.7,28.0,2.5,2405,11.4,14.0,1.2,0.481,Peru,2023.0,0.794,3.1654750481410856,2.4336133554004498,High,99.0,14338.71,Yes,1.0,9.570718151948135,3.2,0.44828,94.78333333333336,-0.7802749279567118
ROU,Romania,3666,23.5,37.4,2.5,1828,9.7,18.6,1.1,0.413,Romania,2023.0,0.845,3.1570004211501135,2.272125885509337,Very High,23.0,39374.254,Yes,1.0,10.58086742991671,21.4,0.15511,99.932,-1.801143360538396
BHS,Bahamas,68,23.2,32.4,2.3,32,10.1,15.3,1.1,0.435,Bahamas,2023.0,0.82,3.1441522786722644,2.312535423847214,Very High,3.0,30974.682,No,0.0,10.340925440100818,3.5,1.05703,93.082,0.06487908813804615
HTI,Haiti,1091,21.5,18.3,2.2,659,13.0,11.1,1.4,0.605,Haiti,2023.0,0.554,3.068052935133617,2.5649493574615367,Medium,0.0,2934.9258,Yes,1.0,7.984437450852335,2.6,1.64909,,0.5062692592847743
BLZ,Belize,41,21.0,19.8,2.1,25,13.4,12.1,1.3,0.638,Belize,2023.0,0.721,3.044522437723423,2.5952547069568657,High,67.0,12343.078,Yes,1.0,9.420850699095263,2.0,1.16604,100.0,0.16215286250342778
ETH,Ethiopia,8159,20.2,12.4,2.4,5007,12.6,7.6,1.5,0.624,Ethiopia,2023.0,0.497,3.005682604407159,2.533696813957432,Low,29.0,2795.507,Yes,1.0,7.935768764487889,1.5,0.6749597,,-0.37839527456737687
MDA,Republic of Moldova,440,19.9,26.9,1.9,177,6.6,10.8,0.7,0.332,Moldova,2023.0,0.785,2.990719731730447,1.8870696490323797,High,34.0,15866.542,Yes,1.0,9.671967894377676,6.8,0.91915935,96.418,-0.07347502635233794
NGA,Nigeria,12312,19.1,10.7,2.2,7599,12.0,6.6,1.4,0.628,Nigeria,2023.0,0.56,2.9496883350525844,2.4849066497880004,Medium,30.0,5569.375,No,0.0,8.625038118366984,0.5,1.15986,0.8800000000000001,0.1568840835304026
BTN,Bhutan,75,19.0,20.4,2.0,46,11.7,12.5,1.2,0.616,Bhutan,2023.0,0.698,2.9444389791664403,2.4595888418037104,Medium,92.0,13842.804,Yes,1.0,9.535520809806888,11.9,0.16986,69.68,-1.7155765084957675
SLV,El Salvador,779,18.9,23.4,1.9,462,11.2,13.9,1.1,0.593,El Salvador,2023.0,0.678,2.9391619220655967,2.4159137783010487,Medium,0.0,10594.842,Yes,1.0,9.268122557896536,2.3,0.41596,100.0,-0.8534098338349541
NER,Niger,1246,18.7,9.4,2.0,755,11.5,5.7,1.3,0.615,Niger,2023.0,0.419,2.928523523860541,2.4423470353692043,Low,0.0,1590.188,No,0.0,7.371607527218309,1.2,0.15039,4.364,-1.8301469296328505
IDN,Indonesia,31116,18.6,22.1,2.1,15612,9.3,11.1,1.1,0.5,Indonesia,2023.0,0.728,2.9231615807191558,2.2300144001592104,High,4.0,13700.13,Yes,1.0,9.525160600822293,3.0,0.35506,37.938,-1.0076935553474988
BFA,Burkina Faso,1274,18.5,10.8,2.2,776,11.5,6.6,1.4,0.622,Burkina Faso,2023.0,0.459,2.917770732084279,2.4423470353692043,Low,0.0,2390.5278,Yes,1.0,7.779269457364779,5.1,0.52056,13.21,-0.6338222264752615
LCA,Saint Lucia,23,18.4,25.3,1.8,11,8.3,12.1,0.96,0.451,Saint Lucia,2023.0,0.748,2.91235066461494,2.1162555148025524,High,52.0,20899.781,Yes,1.0,9.947493959429105,3.1,0.44678,91.916,-0.7835534044359608
ECU,Ecuador,1967,17.9,21.6,1.8,991,9.0,10.9,0.92,0.503,Ecuador,2023.0,0.777,2.884800712846709,2.1972245773362196,High,72.0,13986.397,Yes,1.0,9.545840493389337,2.7,0.41954,83.876,-0.8450404103459883
HND,Honduras,826,17.6,15.4,1.8,495,10.6,9.2,1.1,0.602,Honduras,2023.0,0.645,2.8678989020441064,2.3608540011180215,Medium,70.0,6064.7856,No,0.0,8.710254470382331,1.7,0.16271,57.510000000000005,-1.7561413916263091
GEO,Georgia,591,17.0,29.1,1.7,214,5.6,10.5,0.61,0.329,Georgia,2023.0,0.844,2.833213344056216,1.7227665977411035,Very High,37.0,20752.57,Yes,1.0,9.94042537341108,8.1,0.37175,94.874,-0.9629893348833951
TLS,Timor-Leste,88,16.8,12.7,1.8,45,8.6,6.5,0.94,0.512,East Timor,2023.0,0.634,2.8213788864092133,2.151762203259462,Medium,0.0,5434.5947,No,0.0,8.600540224557552,21.1,0.2178,66.48,-1.4792872279690552
SRB,Serbia,917,16.8,25.9,1.7,459,6.5,13.0,0.73,0.387,Serbia,2023.0,0.833,2.8213788864092133,1.8718021769015913,Very High,2.0,23114.809,Yes,1.0,10.048228773355524,39.6,0.10533,98.286,-2.15995769474429
BEN,Benin,714,16.7,9.9,2.0,444,10.5,6.2,1.3,0.629,Benin,2023.0,0.515,2.8154087194227095,2.3513752571634776,Low,0.0,3805.5276,No,0.0,8.244209920341769,1.8,0.66092,1.765,-0.39910537415558284
ARG,Argentina,4679,16.5,20.3,1.7,2662,8.7,11.6,0.9,0.527,Argentina,2023.0,0.865,2.803360380906535,2.163323025660538,Very High,67.0,25876.053,Yes,1.0,10.161073225391798,20.4,0.40319,99.494,-0.883847743384787
LVA,Latvia,234,16.3,23.3,1.6,113,5.0,11.3,0.55,0.307,Latvia,2023.0,0.889,2.791165107812717,1.6094379124341003,Very High,54.0,37997.824,Yes,1.0,10.54528417391103,22.2,0.51834,98.328,-0.6380152631219458
BGR,Bulgaria,844,16.0,24.2,1.6,451,6.7,12.9,0.74,0.419,Bulgaria,2023.0,0.845,2.772588722239781,1.9021075263969205,Very High,3.0,32174.93,Yes,1.0,10.378942856859783,36.4,0.11476,94.376,-2.0813633872425346
PAN,Panama,436,15.9,19.3,1.5,232,8.1,10.3,0.84,0.509,Panama,2023.0,0.839,2.766319109226186,2.0918640616783932,Very High,73.0,34384.566,Yes,1.0,10.445363079891528,2.0,1.11778,98.758,0.1202510985929854
MNE,Montenegro,69,15.8,20.8,1.4,34,6.1,10.3,0.58,0.386,Montenegro,2023.0,0.862,2.760009940032921,1.8082887711792655,Very High,23.0,28026.33,Yes,1.0,10.240899704441402,34.3,0.14599,93.65,-1.8579633763513597
CPV,Cape Verde,44,15.8,17.1,1.7,29,10.3,11.2,1.1,0.652,Cape Verde,2023.0,0.668,2.760009940032921,2.33214389523559,Medium,0.0,8165.3794,No,0.0,9.007658470950869,5.3,0.91553,91.34,-0.07738873258307777
GAB,Gabon,146,15.6,11.7,1.7,88,9.6,7.0,1.1,0.615,Gabon,2023.0,0.733,2.747270914255491,2.2617630984737906,High,0.0,18854.06,Yes,1.0,9.844483554299606,3.4,2.79942,42.56333333333333,1.0329780563471174
MMR,Myanmar,4905,15.2,17.9,1.8,3032,9.4,11.1,1.1,0.618,Myanmar,2023.0,0.609,2.7212954278522306,2.2407096892759584,Medium,0.0,4918.8105,Yes,1.0,8.500822011963006,18.4,0.88864,57.784000000000006,-0.10687276964882324
MEX,Mexico,11919,15.1,17.7,1.5,4967,6.1,7.4,0.64,0.404,Mexico,2023.0,0.789,2.714694743820879,1.8082887711792655,High,80.0,21812.656,Yes,1.0,9.990245630781672,7.9,0.45731,96.16,-0.7607624299755129
KGZ,Kyrgyzstan,538,14.9,14.8,1.6,291,8.1,8.0,0.91,0.544,Kyrgyzstan,2023.0,0.72,2.7013612129514133,2.0918640616783932,High,48.0,6078.1177,No,0.0,8.712450338211912,3.1,0.27156,98.136,-1.2674097102422062
SVK,Slovakia,608,13.9,21.6,1.4,248,4.6,8.8,0.52,0.331,Slovakia,2023.0,0.88,2.631888840136646,1.5260563034950492,Very High,29.0,36792.99,Yes,1.0,10.513062616881228,25.3,0.05332,99.99,-2.7595540439693256
KHM,Cambodia,1252,13.8,13.9,1.5,763,8.4,8.5,0.96,0.609,Cambodia,2023.0,0.606,2.624668592163159,2.128231705849268,Medium,0.0,4931.0166,Yes,1.0,8.503300452675568,6.1,0.50433,34.788,-0.6648901961894869
PHL,Philippines,7829,13.8,13.5,1.5,3389,6.0,5.8,0.65,0.435,Philippines,2023.0,0.72,2.624668592163159,1.791759469228055,High,1.0,10731.204,Yes,1.0,9.280911038090297,4.9,0.32992,92.266,-1.0790449831755808
COL,Colombia,4738,13.8,17.7,1.4,2331,6.4,8.7,0.67,0.464,Colombia,2023.0,0.788,2.624668592163159,1.8562979903656263,High,63.0,18665.95,Yes,1.0,9.834456287455009,4.3,0.59143,95.314,-0.5084451260669322
CUB,Cuba,1355,13.7,24.4,1.5,706,6.3,12.7,0.71,0.46,Cuba,2023.0,0.762,2.617395832834079,1.840549633397487,High,0.0,8415.412,Yes,1.0,9.037820065616533,9.6,0.6323,98.65,-0.44269979471839027
BRA,Brazil,18986,13.2,17.6,1.3,9378,6.2,8.7,0.64,0.47,Brazil,2023.0,0.786,2.580216829592325,1.824549292051046,High,75.0,18011.285,Yes,1.0,9.79875378487518,8.9,0.74698,97.14,-0.278418445972965
MNG,Mongolia,234,13.1,13.4,1.4,142,8.0,8.2,0.84,0.611,Mongolia,2023.0,0.747,2.5726122302071057,2.0794415416798357,High,0.0,14787.082,Yes,1.0,9.60150924076962,7.4,0.02982,78.2,-3.223385980346087
BGD,Bangladesh,11106,13.1,12.6,1.4,6557,7.8,7.4,0.84,0.595,Bangladesh,2023.0,0.685,2.5726122302071057,2.0541237336955462,Medium,15.0,8497.658,Yes,1.0,9.04754587510144,15.7,0.01441,17.0625,-3.7127623945772683
THA,Thailand,7469,12.6,20.3,1.4,3717,6.0,10.1,0.67,0.476,Thailand,2023.0,0.798,2.533696813957432,1.791759469228055,High,32.0,20569.902,Yes,1.0,9.931584218415916,1.4,1.0064,98.964,0.01626697246387194
VNM,Viet Nam,8274,12.3,16.1,1.4,4110,6.1,8.0,0.7,0.496,Vietnam,2023.0,0.766,2.509599262378372,1.8082887711792655,High,0.0,13032.636,Yes,1.0,9.475211952037649,1.3,0.43966,84.945,-0.7992635373492807
CHL,Chile,1905,12.0,19.2,1.2,843,5.1,8.5,0.53,0.425,Chile,2023.0,0.878,2.4849066497880004,1.62924053973028,Very High,89.0,28047.17,Yes,1.0,10.24164301459538,25.4,0.66599,96.7025,-0.3915769959479973
LAO,Lao People's Democratic Republic,437,12.0,11.3,1.2,243,6.8,6.3,0.73,0.567,Laos,2023.0,0.617,2.4849066497880004,1.916922612182061,Medium,63.0,8106.1533,No,0.0,9.000378718926525,9.3,0.41796,38.526,-0.8487255457117312
PRT,Portugal,932,11.8,17.1,1.1,443,3.4,8.1,0.35,0.288,Portugal,2023.0,0.89,2.468099531471619,1.2237754316221157,Very High,96.0,41063.926,Yes,1.0,10.622885302173446,21.6,0.4743,99.01,-0.7250507295729536
ARM,Armenia,274,11.1,17.2,1.2,98,3.7,6.2,0.41,0.333,Armenia,2023.0,0.811,2.4069451083182885,1.308332819650179,Very High,41.0,20220.723,Yes,1.0,9.914463248611764,1.8,0.37344,98.112,-0.9585721241307612
NOR,Norway,390,10.9,14.1,1.0,138,2.3,5.0,0.23,0.211,Norway,2023.0,0.97,2.388762789235098,0.8329091229351039,Very High,91.0,112710.02,Yes,1.0,11.632573604682651,13.1,0.08748,99.434,-2.3281080502251315
EST,Estonia,118,10.8,16.5,1.1,65,4.1,9.1,0.47,0.38,Estonia,2023.0,0.905,2.379546134130174,1.410986973710262,Very High,63.0,40880.93,Yes,1.0,10.618418974129582,22.0,0.70752,99.328,-0.33195445717238936
CRI,Costa Rica,347,10.6,13.4,0.97,172,4.7,6.6,0.49,0.443,Costa Rica,2023.0,0.833,2.3608540011180215,1.547562508716013,Very High,84.0,23417.213,Yes,1.0,10.061226629216574,4.4,0.62999,96.082,-0.446302727750491
LTU,Lithuania,279,10.5,18.5,1.1,181,5.9,12.0,0.67,0.562,Lithuania,2023.0,0.895,2.3513752571634776,1.7749523509116738,Very High,74.0,41916.465,Yes,1.0,10.643433988149102,21.6,0.21562,97.354,-1.4889031108053628
IND,India,79360,10.5,11.3,1.2,36319,4.9,5.2,0.57,0.467,India,2023.0,0.685,2.3513752571634776,1.589235205116581,Medium,0.0,9046.756,Yes,1.0,9.110161519395652,10.9,0.1992796,74.444,-1.5640841220301145
MKD,North Macedonia,136,10.4,14.5,1.0,74,4.6,7.9,0.49,0.442,North Macedonia,2023.0,0.815,2.341805806147327,1.5260563034950492,Very High,21.0,22128.395,Yes,1.0,10.00461690443213,35.2,0.08032,89.40599999999999,-2.4043963591407307
NPL,Nepal,1532,10.3,9.9,1.1,879,6.0,5.7,0.66,0.583,Nepal,2023.0,0.622,2.33214389523559,1.791759469228055,Medium,0.0,4725.9307,Yes,1.0,8.460819794076075,12.2,0.13464,57.988,-1.9335073823382705
MAR,Morocco,2228,10.2,11.8,1.2,1009,4.6,5.3,0.54,0.451,Morocco,2023.0,0.71,2.322387720290225,1.5260563034950492,High,0.0,8652.881,Yes,1.0,9.065647608056375,1.3,0.07649,22.735,-2.4477264786637165
KAZ,Kazakhstan,1256,10.2,11.9,1.0,681,5.4,6.5,0.57,0.529,Kazakhstan,2023.0,0.837,2.322387720290225,1.6863989535702288,Very High,0.0,30988.53,Yes,1.0,10.341372415000397,7.0,0.32703,94.11,-1.0875833318203758
MYS,Malaysia,1968,10.2,11.6,1.2,964,5.0,5.7,0.59,0.49,Malaysia,2023.0,0.819,2.322387720290225,1.6094379124341003,Very High,77.0,32553.092,Yes,1.0,10.39062763544474,0.7,0.28763,99.568,-1.2119041746522163
LKA,Sri Lanka,1735,9.8,14.6,1.2,1072,6.0,9.0,0.74,0.612,Sri Lanka,2023.0,0.776,2.2823823856765264,1.791759469228055,High,74.0,12615.601,Yes,1.0,9.44268950163672,2.7,0.03589,97.686,-3.081508050575395
LBY,Libya,360,9.5,9.9,1.1,172,4.6,4.7,0.5,0.484,Libya,2023.0,0.721,2.2512917986064953,1.5260563034950492,High,0.0,19831.432,No,0.0,9.895023432723995,0.2,0.13194,51.745000000000005,-1.9523508458853
ALB,Albania,164,8.7,11.6,0.88,83,3.9,5.9,0.44,0.448,Albania,2023.0,0.81,2.163323025660538,1.3609765531356006,Very High,18.0,17627.395,Yes,1.0,9.777209504973555,6.4,0.07909,91.378,-2.4181081842495846
DNK,Denmark,325,8.6,10.8,0.78,112,1.6,3.7,0.16,0.186,Denmark,2023.0,0.962,2.151762203259462,0.47000362924573563,Very High,82.0,76007.86,Yes,1.0,11.238592034973513,16.2,0.07306,99.592,-2.4881920407795297
SGP,Singapore,343,8.2,12.2,0.85,113,2.3,4.0,0.25,0.28,Singapore,2023.0,0.946,2.1041341542702074,0.8329091229351039,Very High,68.0,111239.23,Yes,1.0,11.61943838635343,5.6,0.12833,87.422,-1.9781131440954132
HRV,Croatia,253,8.2,12.6,0.82,134,3.2,6.7,0.36,0.39,Croatia,2023.0,0.889,2.1041341542702074,1.1631508098056809,Very High,53.0,41379.89,Yes,1.0,10.630550293006973,33.0,0.06718,98.904,-2.5616149228726646
AZE,Azerbaijan,558,8.0,10.6,0.88,205,2.9,3.9,0.33,0.362,Azerbaijan,2023.0,0.789,2.0794415416798357,1.0647107369924282,High,0.0,20667.957,No,0.0,9.936339808893976,0.1,0.13166,75.862,-1.9543254586566605
SWE,Sweden,553,7.9,10.5,0.74,256,2.0,4.9,0.22,0.253,Sweden,2023.0,0.959,2.066862759472976,0.6931471805599453,Very High,86.0,66102.086,Yes,1.0,11.09895558358691,16.0,0.08712,98.812,-2.331807951670949
GBR,United Kingdom,3309,7.6,9.4,0.68,1107,1.8,3.2,0.18,0.237,United Kingdom,2023.0,0.946,2.028148247292285,0.5877866649021191,Very High,78.0,54371.586,Yes,1.0,10.903596980212953,12.2,0.19031,99.64,-1.6078891124442498
DZA,Algeria,1792,7.6,7.8,0.88,833,3.5,3.6,0.42,0.461,Algeria,2023.0,0.763,2.028148247292285,1.252762968495368,High,0.0,15114.172,Yes,1.0,9.62338812569323,0.6,0.09717,91.5,-2.233338920257231
NLD,The Netherlands,852,7.4,9.3,0.65,295,1.7,3.2,0.18,0.23,Netherlands,2023.0,0.955,2.0014800002101243,0.5306282510621704,Very High,65.0,68344.305,Yes,1.0,11.132313517539512,18.9,0.14872,99.506,-1.8406136354455744
IRL,Ireland,243,7.2,9.2,0.67,97,2.2,3.7,0.25,0.306,Ireland,2023.0,0.949,1.9740810260220096,0.7884573603642703,Very High,74.0,90884.63,Yes,1.0,11.417346178960075,16.4,0.22399,99.688,-1.4524768995803385
MDV,Maldives,14,7.2,7.0,0.88,7,3.9,3.5,0.51,0.542,Maldives,2023.0,0.766,1.9740810260220096,1.3609765531356006,High,66.0,19317.318,Yes,1.0,9.868757278254362,10.1,0.01679,87.42999999999999,-3.6197265954256195
DEU,Germany,4773,7.2,11.2,0.71,2213,2.4,5.2,0.27,0.333,Germany,2023.0,0.959,1.9740810260220096,0.8754687373538999,Very High,55.0,64053.223,Yes,1.0,11.06746962612132,20.4,0.15825,99.492,-1.7823043104572998
ISL,Iceland,17,7.1,8.9,0.65,4,1.3,2.1,0.14,0.183,Iceland,2023.0,0.972,1.9600947840472698,0.26236426446749106,Very High,93.0,69116.94,Yes,1.0,11.143555131664622,9.9,0.11973,99.772,-2.042299911399216
BEL,Belgium,599,6.9,10.1,0.69,234,1.9,3.9,0.2,0.275,Belgium,2023.0,0.951,1.9315214116032138,0.6418538861723947,Very High,72.0,63582.477,Yes,1.0,11.060093192497993,20.9,0.19906,98.45,-1.565133986877576
FRA,France (metropolitan),3326,6.6,9.7,0.65,1432,2.1,4.2,0.22,0.318,France,2023.0,0.92,1.8870696490323797,0.7419373447293773,Very High,45.0,55060.16,Yes,1.0,10.91618168461319,31.1,0.28482,99.89,-1.2213902783630048
SVN,Slovenia,109,6.4,10.3,0.63,58,2.2,5.5,0.22,0.344,Slovenia,2023.0,0.931,1.8562979903656263,0.7884573603642703,Very High,61.0,46360.81,Yes,1.0,10.74420976925964,20.6,0.07996,99.704,-2.4083901518910222
AFG,Afghanistan,790,6.4,3.7,0.68,456,3.8,2.2,0.41,0.594,Afghanistan,2023.0,0.496,1.8562979903656263,1.33500106673234,Low,0.0,1971.5494,No,0.0,7.586575010066909,6.8,0.05556,7.877499999999999,-2.7247895251065084
GRC,Greece,476,6.2,9.2,0.57,224,1.8,4.3,0.19,0.29,Greece,2023.0,0.908,1.824549292051046,0.5877866649021191,Very High,0.0,35760.75,Yes,1.0,10.48460620222188,27.3,0.26963,99.508,-1.2742879782409617
CAN,Canada,1596,6.0,8.0,0.56,551,1.6,2.8,0.17,0.267,Canada,2023.0,0.939,1.791759469228055,0.47000362924573563,Very High,86.0,54688.418,Yes,1.0,10.909407229244795,9.5,0.14755,100.0,-1.8480124107788534
ARE,United Arab Emirates,199,5.6,5.0,0.59,72,2.1,1.8,0.23,0.375,United Arab Emirates,2023.0,0.94,1.7227665977411035,0.7419373447293773,Very High,37.0,71142.305,Yes,1.0,11.172437445877184,2.7,0.01497,43.37,-3.690080174690455
QAT,Qatar,37,5.6,4.2,0.71,13,2.0,1.5,0.29,0.357,Qatar,2023.0,0.886,1.7227665977411035,0.6931471805599453,Very High,0.0,105353.266,Yes,1.0,11.565074420175629,3.4,0.03818,64.48400000000001,-3.0328112817954116
AUS,Australia,991,5.4,7.4,0.51,349,1.5,2.6,0.16,0.278,Australia,2023.0,0.958,1.6863989535702288,0.4054651081081644,Very High,83.0,58276.875,Yes,1.0,10.972960638418527,10.6,0.10097,99.324,-2.198495384469665
OMN,Oman,77,5.2,3.9,0.61,27,2.0,1.4,0.25,0.385,Oman,2023.0,0.858,1.6486586255873816,0.6931471805599453,Very High,0.0,36096.043,No,0.0,10.49393852612475,0.4,0.07865,66.65,-2.42305924646192
ITA,Italy,2585,5.1,8.5,0.51,1165,1.8,3.8,0.19,0.353,Italy,2023.0,0.915,1.62924053973028,0.5877866649021191,Very High,55.0,52388.883,Yes,1.0,10.866449691312212,19.3,0.25081,100.0,-1.3439631061064525
ESP,Spain,1971,4.9,8.1,0.48,893,1.7,3.7,0.18,0.347,Spain,2023.0,0.918,1.589235205116581,0.5306282510621704,Very High,85.0,46008.44,Yes,1.0,10.736580136902024,26.4,0.28375,99.624,-1.2250262135237684
LUX,Luxembourg,25,4.8,7.5,0.53,9,1.4,2.7,0.18,0.292,Luxembourg,2023.0,0.922,1.5686159179138452,0.3364722366212129,Very High,82.0,85461.25,Yes,1.0,11.355818335817,23.4,0.28208,100.0,-1.2307275416347556
JOR,Jordan,228,4.8,4.1,0.54,74,1.7,1.3,0.21,0.354,Jordan,2023.0,0.754,1.5686159179138452,0.5306282510621704,High,0.0,9221.872,No,0.0,9.1293333328178,12.9,0.00861,92.65,-3.984056208327978
NZL,New Zealand,152,4.7,5.8,0.42,68,1.5,2.6,0.15,0.319,New Zealand,2023.0,0.938,1.547562508716013,0.4054651081081644,Very High,54.0,47259.6,Yes,1.0,10.7634110868879,9.3,0.08455,99.944,-2.3586264838776705
LBN,Lebanon,159,4.4,5.3,0.49,61,1.6,2.1,0.19,0.364,Lebanon,2023.0,0.752,1.4816045409242156,0.47000362924573563,High,0.0,11298.888,Yes,1.0,9.332459592778491,38.9,0.07959,76.99199999999999,-2.41251157237265
TUN,Tunisia,334,4.1,5.4,0.46,155,1.9,2.5,0.22,0.463,Tunisia,2023.0,0.746,1.410986973710262,0.6418538861723947,High,0.0,12011.388,Yes,1.0,9.393610478754326,2.3,0.10251,100.0,-2.1847131723991566
KWT,Kuwait,89,3.9,4.6,0.39,30,1.4,1.6,0.15,0.359,Kuwait,2023.0,0.852,1.3609765531356006,0.3364722366212129,Very High,0.0,56612.047,No,0.0,10.94397708606606,2.5,0.04602,83.404,-2.882046509150175
CHE,Switzerland,256,3.6,5.7,0.36,109,1.1,2.4,0.11,0.306,Switzerland,2023.0,0.97,1.2809338454620642,0.09531017980432493,Very High,70.0,81948.9,Yes,1.0,11.313851161263097,22.4,0.16907,98.584,-1.7199784881334688
MLT,Malta,13,3.3,5.0,0.32,5,1.2,1.9,0.13,0.364,Malta,2023.0,0.924,1.1939224684724346,0.1823215567939546,Very High,80.0,52155.074,Yes,1.0,10.86197675195673,23.1,0.29548,99.018,-1.1858709689619535
PAK,Pakistan,2722,3.0,2.2,0.34,1640,1.8,1.3,0.21,0.6,Pakistan,2023.0,0.544,1.0986122886681098,0.5877866649021191,Low,0.0,5501.133,No,0.0,8.612709350005476,6.9,0.23764,49.28,-1.3957792003311056
IRQ,Iraq,496,3.0,2.2,0.35,303,1.9,1.3,0.22,0.633,Iraq,2023.0,0.695,1.0986122886681098,0.6418538861723947,Medium,0.0,12653.524,No,0.0,9.445691032435375,2.4,0.01218,78.91499999999999,-3.8085642970599163
BHR,Bahrain,20,2.8,3.3,0.3,6,0.9,0.98,0.1,0.321,Bahrain,2023.0,0.899,1.0296194171811581,-0.10536051565782628,Very High,0.0,52818.797,Yes,1.0,10.87462241012792,5.9,0.05583,81.572,-2.7206796175023515
EGY,Egypt,1251,2.4,2.2,0.29,578,1.1,1.0,0.14,0.458,Egypt,2023.0,0.754,0.8754687373538999,0.09531017980432493,High,0.0,16218.135,No,0.0,9.693885339554209,0.4,0.07754,99.324,-2.435659447219388
IRN,"Iran, Islamic Republic of",1344,2.4,3.0,0.25,761,1.4,1.7,0.15,0.583,Iran,2023.0,0.799,0.8754687373538999,0.3364722366212129,High,0.0,16095.771,Yes,1.0,9.686311845661082,1.6,0.06397,97.246,-2.604095673382361
SAU,Saudi Arabia,183,1.8,1.4,0.21,65,0.67,0.48,0.08,0.372,Saudi Arabia,2023.0,0.9,0.5877866649021191,-0.40047756659712525,Very High,0.0,50298.914,No,0.0,10.825738765397496,3.6,0.04504,65.19666666666667,-2.899695085357049
